insert into "user" (username, name, monthly_usd_limit, monthly_hours, created_at, deleted_at) values
('test', 'John Doe', 10, 160, '2025-01-20 12:00', Null),
('test2', 'Jane Doe', 20, 160, '2025-01-20 12:00', Null),
('test3', 'John Doe 3', 10, 160, '2025-01-20 12:00', '2025-02-21 12:00'),
('test4', 'John Doe 4', 10, 160, '2025-01-10 12:00', '2025-01-20 12:00'),
('test5', 'John Doe 5', 10, 160, '2025-01-10 12:00', Null);

insert into llm_model (id, name, model_type, description, model_vendor, token_limit, output_token_limit, prompt_1k_token_usd, completion_1k_token_usd) values
('gpt-4o', 'GPT-4o', 'CHAT', 'This is the best model for complex tasks', 'OPENAI', 128000, 4096, 0.005, 0.015),
('gpt-4o-mini', 'GPT-4o Mini', 'CHAT', 'This is the best model for simple tasks', 'OPENAI', 64000, 2048, 0.0025, 0.0075),
('o4-mini', 'O4 Mini', 'REASONING', 'This is a reasoning model that is good for coding, math and some complex tasks.', 'OPENAI', 200000, 100000, 0.0011, 0.0044),
('claude-sonnet-4', 'Claude Sonnet 4', 'CHAT', 'This is a similar model to GPT-4o but with better reasoning.', 'ANTHROPIC', 200000, 64000, 0.003, 0.015),
('gemini-2.5-pro', 'Gemini 2.5 Pro', 'CHAT', 'This is an advanced reasoning model, outperforming GPT-4o with a larger context while being more affordable.', 'GOOGLE', 1048576, 65536, 0.00125, 0.01),
('gemini-2.5-flash', 'Gemini 2.5 Flash', 'CHAT', 'This is a fast and efficient model, comparable to GPT-4.1 Nano, optimized for speed while maintaining high quality responses.', 'GOOGLE', 1048576, 65536, 0.0003, 0.0025),
('gpt-5-mini', 'GPT-5 Mini', 'REASONING', 'This is a new reasoning model that will replace GPT-4o Mini in the short term. It has a good balance between cost and intelligence.', 'OPENAI', 400000, 128000, 0.00025, 0.002),
('gpt-5-nano', 'GPT-5 Nano', 'REASONING', 'This is a new reasoning model that will replace GPT-4.1 Nano in the short term.', 'OPENAI', 4000000, 128000, 0.00005, 0.0004);


insert into team (name) values
('Test Team'),
('Another Team'),
('Third Team'),
('Fourth Team');

insert into team_role (team_id, user_id, role, status) values
(1, 1, 'TEAM_OWNER', 'ACCEPTED'),
(2, 1, 'TEAM_OWNER',  'ACCEPTED'),
(1, 2, 'TEAM_MEMBER', 'ACCEPTED'),
(2, 2, 'TEAM_OWNER', 'ACCEPTED'),
(4, 1, 'TEAM_MEMBER', 'ACCEPTED'),
(4, 2, 'TEAM_MEMBER', 'PENDING'),
(4, 5, 'TEAM_MEMBER', 'REJECTED');

insert into agent (name, description, user_id, last_update, team_id, model_id, system_prompt, temperature, reasoning_effort) values
('Agent 1', 'This is the first agent', 1, '2025-02-21 12:00', Null, 'gpt-4o-mini', 'You are a helpful AI agent.', 'PRECISE', 'LOW'),
('Agent 2', 'This is the second agent', 1, '2025-02-21 12:01', 1, 'o4-mini', 'You are a helpful AI agent.', 'CREATIVE', 'LOW'),
('Agent 3', 'This is the third agent', 2, '2025-02-21 12:02', 4, 'gpt-4o', 'You are a helpful AI agent.', 'PRECISE', 'LOW'),
('Agent 4', 'This is the fourth agent', 2, '2025-02-21 12:03', Null, 'gpt-4o', 'You are a helpful AI agent.', 'CREATIVE', 'LOW'),
('Agent 5', 'This is the fifth agent', 2, '2025-02-21 12:04', 2, 'gpt-4o', 'You are a helpful AI agent.', 'PRECISE', 'LOW'),
('GPT-5 Nano', 'This is the default agent', Null, '2025-02-21 12:00', 1, 'gpt-5-nano', 'You are a helpful AI agent.', 'NEUTRAL', 'LOW');

insert into user_agent (user_id, agent_id, creation) values
(1, 1, '2025-02-21 12:00'),
(1, 2, '2025-02-21 12:01'),
(2, 2, '2025-02-21 12:02'),
(2, 4, '2025-02-21 12:03'),
(2, 5, '2025-02-21 12:04');

insert into agent_tool_config (agent_id, tool_id, config, draft) values
(4, 'docs', '{}', false);

insert into file (name, status, content_type, user_id, timestamp, content, processed_content, file_processor) values
('test.txt', 'PROCESSED','text/plain', 2, '2025-02-21 12:00', '\x48656c6c6f21', 'Hello!', 'BASIC');

insert into agent_tool_config_file (agent_id, tool_id, file_id) values
(4, 'docs', 1);

insert into thread (name, user_id, agent_id, creation, deleted, is_test_case) values
('Thread 1', 1, 1, '2025-02-21 12:00', False, False),
('Thread 2', 1, 2, '2025-02-21 12:01', False, False),
('Thread 3', 2, 2, '2025-02-21 12:02', False, False),
('Thread 4', 2, 2, '2025-02-21 12:03', False, False),
('Thread 5', 3, 3, '2025-02-21 12:04', False, False),
('Thread 6', 2, 5, '2025-02-21 12:05', False, False),
('Test Case #1', 1, 1, '2025-02-21 12:10', False, True),
('Test Case #2', 1, 1, '2025-02-21 12:11', False, True),
('Test Case #3', 2, 2, '2025-02-21 12:12', False, True),
('Test Case Execution #1', 1, 1, '2025-02-21 12:15', False, True),
('Test Case Execution #2', 1, 1, '2025-02-21 12:16', False, True),
('Test Case Execution #3', 2, 2, '2025-02-21 12:17', False, True);

insert into thread_message (thread_id, origin, text, timestamp, minutes_saved, stopped) values
(1, 'USER', 'This is a message', '2025-02-21 12:00', 5, False),
(1, 'AGENT', 'This is a response', '2025-02-21 12:01', 30, False),
(2, 'USER', 'This is another message', '2025-02-21 12:02', 30, False),
(2, 'AGENT', 'This is a response', '2025-02-21 12:03', 5, False),
(4, 'USER', 'This is a message', '2025-01-20 12:04', Null, False),
(4, 'AGENT', 'This is a response', '2025-01-20 12:05', 60, False),
(5, 'USER', 'This is a message', '2025-02-21 12:06', Null, False),
(5, 'AGENT', 'This is a response', '2025-02-21 12:07', 50, False),
(6, 'USER', 'This is a message', '2025-02-21 12:08', Null, False),
(6, 'AGENT', 'This is a response', '2025-02-21 12:09', 60, False),
(7, 'USER', 'Which is the first natural number? Only provide the number', '2025-02-21 12:10', Null, False),
(7, 'AGENT', '1', '2025-02-21 12:11', Null, False),
(8, 'USER', 'Which is the capital of Uruguay? Output just the name', '2025-02-21 12:11', Null, False),
(8, 'AGENT', 'Montevideo', '2025-02-21 12:12', Null, False),
(9, 'USER', 'Test case message 3', '2025-02-21 12:12', Null, False),
(9, 'AGENT', 'Test case response 3', '2025-02-21 12:13', Null, False),
(10, 'USER', 'Which is the first natural number? Only provide the number', '2025-02-21 12:15', Null, False),
(10, 'AGENT', '1', '2025-02-21 12:16', Null, False),
(11, 'USER', 'Which is the capital of Uruguay? Output just the name', '2025-02-21 12:16', Null, False),
(11, 'AGENT', 'Montevideo', '2025-02-21 12:17', Null, False),
(12, 'USER', 'Test case message 3', '2025-02-21 12:17', Null, False),
(12, 'AGENT', 'Test case execution response 3', '2025-02-21 12:18', Null, False);

insert into test_case (thread_id, agent_id, last_update) values
(7, 1, '2025-02-21 12:10'),
(8, 1, '2025-02-21 12:11'),
(9, 2, '2025-02-21 12:12');

insert into test_suite_run (agent_id, status, executed_at, completed_at, total_tests, passed_tests, failed_tests, error_tests, skipped_tests) values
(1, 'SUCCESS', '2025-02-21 12:15', '2025-02-21 12:17', 2, 2, 0, 0, 0),
(2, 'FAILURE', '2025-02-21 12:17', '2025-02-21 12:18', 1, 0, 0, 1, 0);

insert into test_case_result (thread_id, test_case_id, test_suite_run_id, status, executed_at) values
(10, 7, 1, 'SUCCESS', '2025-02-21 12:15'),
(11, 8, 1, 'SUCCESS', '2025-02-21 12:16'),
(12, 9, 2, 'ERROR', '2025-02-21 12:17');

insert into usage (message_id, user_id, agent_id, model_id, timestamp, quantity, usd_cost, type) values
(2, 1, 1, 'gpt-4o-mini', '2025-02-21 12:00', 100, 0.5, 'PROMPT_TOKENS'),
(2, 1, 1, 'gpt-4o-mini', '2025-02-21 12:00', 200, 3.0, 'COMPLETION_TOKENS'),
(4, 1, 2, 'gpt-4o', '2025-02-21 12:01', 50, 0.25, 'PROMPT_TOKENS'),
(4, 1, 2, 'gpt-4o', '2025-02-21 12:01', 100, 1.5, 'COMPLETION_TOKENS'),
(4, 1, 2, 'gpt-4o', '2025-02-21 12:01', 50, 0.5, 'PDF_PARSING'),
(6, 1, 2, 'gpt-4o', '2025-01-20 12:02', 50, 0.25, 'PROMPT_TOKENS'),
(6, 1, 2, 'gpt-4o', '2025-01-20 12:02', 100, 1.5, 'COMPLETION_TOKENS'),
(8, 2, 3, 'gpt-4o', '2025-02-21 12:08', 50, 0.25, 'PROMPT_TOKENS'),
(8, 2, 3, 'gpt-4o', '2025-02-21 12:08', 100, 1.5, 'COMPLETION_TOKENS'),
(10, 2, 5, 'gpt-4o', '2025-02-21 12:08', 55, 0.25, 'PROMPT_TOKENS'),
(10, 2, 5, 'gpt-4o', '2025-02-21 12:08', 105, 1.5, 'COMPLETION_TOKENS'),
(14, 1, 1, 'gpt-4o-mini', '2025-02-21 12:15', 50, 0.25, 'PROMPT_TOKENS'),
(14, 1, 1, 'gpt-4o-mini', '2025-02-21 12:15', 100, 1.5, 'COMPLETION_TOKENS'),
(16, 1, 1, 'gpt-4o-mini', '2025-02-21 12:16', 60, 0.3, 'PROMPT_TOKENS'),
(16, 1, 1, 'gpt-4o-mini', '2025-02-21 12:16', 120, 1.8, 'COMPLETION_TOKENS'),
(18, 2, 2, 'o4-mini', '2025-02-21 12:17', 40, 0.2, 'PROMPT_TOKENS'),
(18, 2, 2, 'o4-mini', '2025-02-21 12:17', 80, 1.2, 'COMPLETION_TOKENS');

insert into agent_prompt (name, content, last_update, shared, agent_id, user_id, starter) values
('Test prompt private 1', 'Test prompt content', '2025-02-22 12:00', false, 1, 1, false),
('Test prompt shared', 'Test shared prompt content', '2025-02-22 12:00', true, 1, 2, false),
('Test prompt private 2', 'Test prompt content 2', '2025-02-22 12:00', false, 1, 2, false),
('Test prompt shared 2', 'Test shared prompt content 2', '2025-02-22 12:00', true, 3, 2, false);

insert into external_agent (name, icon) values
('ChatGPT', Null),
('Cursor', Null),
('Claude', Null);

insert into external_agent_time_saving (external_agent_id, user_id, date, minutes_saved) values
(1, 1, '2025-02-21 12:00', 60),
(2, 1, '2025-02-21 12:01', 120),
(3, 1, '2025-01-20 12:02', 60);